name,price
DJI Mini 2 Drone,£419.00
DJI Mini 2 Combo Drone,£549.00
DJI FPV Combo,£999.00
DJI Air 2S Fly More Combo,"£1,169.00"
DJI Mavic Air 2 Drone,£749.00
DJI Mavic 2 Pro Drone with Smart Controller,"£1,579.00"
DJI Mavic Air 2 Fly More Combo Drone,£939.00
DJI Air 2S Fly More Combo with Smart Controller,"£1,559.00"
DJI Air 2S Drone,£899.00
DJI FPV Combo - Ex Display,"£1,124.00"
Arcade Orbit Drone,£24.97
name,price
DJI Mini 2 Drone,£419.00
DJI Mini 2 Combo Drone,£549.00
DJI FPV Combo,£999.00
DJI Air 2S Fly More Combo,£1.169.00
DJI Mavic Air 2 Drone,£749.00
DJI Mavic 2 Pro Drone with Smart Controller,£1.579.00
DJI Mavic Air 2 Fly More Combo Drone,£939.00
DJI Air 2S Fly More Combo with Smart Controller,£1.559.00
DJI Air 2S Drone,£899.00
DJI FPV Combo - Ex Display,£1.124.00
Arcade Orbit Drone,£24.97
name,price
DJI Mini 2 Drone,£419.00
DJI Mini 2 Combo Drone,£549.00
DJI FPV Combo,£999.00
DJI Air 2S Fly More Combo,£1169.00
DJI Mavic Air 2 Drone,£749.00
DJI Mavic 2 Pro Drone with Smart Controller,£1579.00
DJI Mavic Air 2 Fly More Combo Drone,£939.00
DJI Air 2S Fly More Combo with Smart Controller,£1559.00
DJI Air 2S Drone,£899.00
DJI FPV Combo - Ex Display,£1124.00
Arcade Orbit Drone,£24.97
